metric,baseline,mean_diff,ci_low,ci_high,p_value,significant_95
aic,topk,0.025,-0.015,0.065,0.2696,False
aic,mmr,0.06,0.019875000000000042,0.105,0.0084,True
aic,focused,0.03,-0.01,0.07,0.1548,False
f1,topk,-0.002343377624337376,-0.010312993179943643,0.0032677690871382816,0.6052,False
f1,mmr,-0.0035817572608846295,-0.02091759664978574,0.011218276631616012,0.68,False
f1,focused,-0.007696653802139975,-0.02216582052444285,0.0027324822924622073,0.2084,False
em,topk,0.0,0.0,0.0,1.0,False
em,mmr,-0.01,-0.025,0.0,0.2688,False
em,focused,-0.005,-0.015,0.0,0.7432,False
