metric,baseline,mean_diff,ci_low,ci_high,p_value,significant_95
aic,topk,0.0,-0.03,0.03,1.0,False
aic,mmr,0.025,-0.01,0.06,0.2088,False
aic,focused,-0.005,-0.04,0.03,0.89,False
f1,topk,-0.004885966923728637,-0.013324356224985583,0.000276010923515286,0.0808,False
f1,mmr,0.004583337877894721,-0.003831280299800462,0.014541698156076891,0.3576,False
f1,focused,-0.0036419950106390776,-0.01212807906547313,0.002129659029764962,0.3188,False
em,topk,0.0,0.0,0.0,1.0,False
em,mmr,0.0,0.0,0.0,1.0,False
em,focused,0.0,0.0,0.0,1.0,False
