metric,baseline,mean_diff,ci_low,ci_high,p_value,significant_95
aic,topk,0.0,0.0,0.0,1.0,False
aic,mmr,0.0,0.0,0.0,1.0,False
aic,focused,0.0,0.0,0.0,1.0,False
f1,topk,0.00019071310116086204,-0.0016666666666666666,0.0022388059701492526,0.9552,False
f1,mmr,-0.0002852852852852855,-0.0016666666666666666,0.00081081081081081,0.7952,False
f1,focused,0.00019071310116086204,-0.0016666666666666666,0.0022388059701492526,0.9552,False
em,topk,0.0,0.0,0.0,1.0,False
em,mmr,0.0,0.0,0.0,1.0,False
em,focused,0.0,0.0,0.0,1.0,False
