metric,baseline,mean_diff,ci_low,ci_high,p_value,significant_95
aic,topk,0.0,-0.02,0.02,1.0,False
aic,mmr,-0.025,-0.05,0.0,0.062,False
aic,focused,0.025,0.0,0.055,0.0672,False
f1,topk,-0.0018888888888888885,-0.0051111111111111105,0.0,0.2636,False
f1,mmr,-0.00279086742244637,-0.017003929048665888,0.011837259149101248,0.6624,False
f1,focused,0.004435221783047869,-0.003222222222222222,0.016223100570926657,0.4808,False
em,topk,0.0,0.0,0.0,1.0,False
em,mmr,0.0,-0.015,0.015,1.0,False
em,focused,0.005,0.0,0.015,0.7352,False
