metric,baseline,mean_diff,ci_low,ci_high,p_value,significant_95
aic,topk,0.0,-0.02,0.02,1.0,False
aic,mmr,0.015,-0.005,0.04,0.2444,False
aic,focused,-0.005,-0.02,0.01,0.8032,False
f1,topk,-0.004501600896128379,-0.012844121905518964,0.0007687273791781974,0.1408,False
f1,mmr,0.0009287603928672561,-0.00435972733842072,0.007688829931467085,0.8464,False
f1,focused,-0.0032576289830388194,-0.0117512987012987,0.0025639213416365006,0.3928,False
em,topk,0.0,0.0,0.0,1.0,False
em,mmr,0.0,0.0,0.0,1.0,False
em,focused,0.0,0.0,0.0,1.0,False
