metric,baseline,mean_diff,ci_low,ci_high,p_value,significant_95
aic,topk,-0.005,-0.05,0.04,0.9156,False
aic,mmr,-0.045,-0.11,0.02,0.212,False
aic,focused,0.04,0.01,0.075,0.006,True
f1,topk,0.0005667738417637456,-0.008026136317990202,0.009724393274218781,0.9172,False
f1,mmr,0.004586389568826283,-0.009166912180431756,0.020300604761092782,0.5548,False
f1,focused,0.002343571113269256,-0.007326388270205027,0.011514950955262468,0.5992,False
em,topk,0.0,0.0,0.0,1.0,False
em,mmr,0.005,0.0,0.015,0.7348,False
em,focused,0.0,0.0,0.0,1.0,False
