metric,baseline,mean_diff,ci_low,ci_high,p_value,significant_95
aic,topk,0.0,-0.04,0.04,1.0,False
aic,mmr,0.005,-0.055,0.07,0.9,False
aic,focused,0.01,-0.015,0.04,0.5828,False
f1,topk,0.0009977127023751739,-0.002989626430412328,0.0050784631054332134,0.6256,False
f1,mmr,-0.0018803351305507082,-0.007122002778599498,0.003072528968873407,0.4928,False
f1,focused,0.001645617667356798,0.000295815295815296,0.003430202647593952,0.0344,True
em,topk,0.0,0.0,0.0,1.0,False
em,mmr,0.0,0.0,0.0,1.0,False
em,focused,0.0,0.0,0.0,1.0,False
