metric,baseline,mean_diff,ci_low,ci_high,p_value,significant_95
aic,topk,0.04,0.0,0.08,0.0788,False
aic,mmr,0.05,-0.005,0.10012499999999819,0.084,False
aic,focused,0.015,-0.015,0.05,0.4404,False
f1,topk,-0.004828259178373594,-0.013298011906258725,0.001708732349414552,0.1772,False
f1,mmr,0.0018593095047723018,-0.017087455829359187,0.020046895610187344,0.8356,False
f1,focused,0.0018551385050240882,-0.0053295063354202345,0.009591621098200033,0.656,False
em,topk,0.0,0.0,0.0,1.0,False
em,mmr,-0.005,-0.025,0.01,0.7764,False
em,focused,0.0,0.0,0.0,1.0,False
