metric,baseline,mean_diff,ci_low,ci_high,p_value,significant_95
aic,topk,0.025,-0.015,0.07,0.2964,False
aic,mmr,0.06,0.0,0.11512499999999819,0.0504,False
aic,focused,0.015,-0.015,0.05,0.4492,False
f1,topk,-0.0016873787241434301,-0.016138172075672075,0.009944886173011164,0.8084,False
f1,mmr,0.006350180102183145,-0.016937290991350322,0.028564686249771185,0.5824,False
f1,focused,0.005899249443367089,-0.0012088352007469637,0.014935576474179408,0.124,False
em,topk,-0.005,-0.015,0.0,0.7196,False
em,mmr,-0.01,-0.03,0.01,0.4452,False
em,focused,0.0,0.0,0.0,1.0,False
