metric,baseline,mean_diff,ci_low,ci_high,p_value,significant_95
aic,topk,0.0,-0.045,0.045,1.0,False
aic,mmr,0.0,-0.07,0.07,1.0,False
aic,focused,0.005,-0.025,0.035,0.858,False
f1,topk,-0.0004242075417080099,-0.006056915455419759,0.004870020190806633,0.8884,False
f1,mmr,-0.0026437264932356102,-0.00805099825100877,0.002390599129131733,0.2944,False
f1,focused,0.005131653356229548,0.0011045264676843628,0.010445141262783474,0.0012,True
em,topk,0.0,0.0,0.0,1.0,False
em,mmr,0.0,0.0,0.0,1.0,False
em,focused,0.0,0.0,0.0,1.0,False
