metric,baseline,mean_diff,ci_low,ci_high,p_value,significant_95
aic,topk,-0.005,-0.04,0.03,0.8864,False
aic,mmr,0.015,-0.03,0.06,0.5736,False
aic,focused,-0.01,-0.03,0.01,0.456,False
f1,topk,-0.0008089277871886568,-0.00540909090909091,0.0032997678649852565,0.7504,False
f1,mmr,-0.0016890448415228052,-0.00598423112219501,0.0025439987913635025,0.4368,False
f1,focused,-0.0012746568676801238,-0.00457047216349542,0.000591630591630592,0.58,False
em,topk,0.0,0.0,0.0,1.0,False
em,mmr,0.0,0.0,0.0,1.0,False
em,focused,0.0,0.0,0.0,1.0,False
